,0
0,https://www.brasilparalelo.com.br/noticias/mao-a-mozart-isaac-stern-china
1,https://www.brasilparalelo.com.br/artigos/o-que-os-mencheviques-defendiam
2,https://www.brasilparalelo.com.br/artigos/a-russia-e-comunista-socialista-ou-capitalista
3,https://www.brasilparalelo.com.br/artigos/principais-ideias-de-karl-marx
4,https://www.brasilparalelo.com.br/artigos/o-que-significou-a-queda-do-muro-de-berlim
5,https://www.brasilparalelo.com.br/artigos/qual-a-diferenca-entre-bolcheviques-e-mencheviques
6,https://www.brasilparalelo.com.br/artigos/o-que-significa-revolucao
7,https://www.brasilparalelo.com.br/artigos/internacional-comunista
8,https://www.brasilparalelo.com.br/artigos/formacao-da-uniao-sovietica
9,https://www.brasilparalelo.com.br/artigos/escola-austriaca-de-economia
10,https://www.brasilparalelo.com.br/artigos/quem-e-vladimir-putin
11,https://www.brasilparalelo.com.br/artigos/o-que-foi-a-guerra-fria
12,https://www.brasilparalelo.com.br/artigos/segunda-fase-do-modernismo
13,https://www.brasilparalelo.com.br/artigos/movimento-antifa
14,https://www.brasilparalelo.com.br/artigos/o-que-e-ideologia
15,https://www.brasilparalelo.com.br/artigos/principais-caracteristicas-do-fascismo
16,https://www.brasilparalelo.com.br/artigos/ditadura-militar-no-brasil
17,https://www.brasilparalelo.com.br/artigos/principais-ideias-de-rousseau
18,https://www.brasilparalelo.com.br/entrevistas/marxismo-no-brasil
19,https://www.brasilparalelo.com.br/entrevistas/quem-foi-carlos-lacerda
20,https://www.brasilparalelo.com.br/artigos/russia-e-china
21,https://www.brasilparalelo.com.br/artigos/o-que-e-totalitarismo
22,https://www.brasilparalelo.com.br/artigos/era-vargas
23,https://www.brasilparalelo.com.br/artigos/primeira-fase-do-modernismo
24,https://www.brasilparalelo.com.br/artigos/o-que-foi-escola-de-frankfurt
25,https://www.brasilparalelo.com.br/artigos/qual-o-regime-chines
26,https://www.brasilparalelo.com.br/artigos/resumo-livro-1984-george-orwell
27,https://www.brasilparalelo.com.br/artigos/parlamento-brasileiro
28,https://www.brasilparalelo.com.br/artigos/o-que-e-economia-de-mercado
29,https://www.brasilparalelo.com.br/artigos/diferenca-entre-esquerda-e-direita
30,https://www.brasilparalelo.com.br/artigos/estudo-da-logica
31,https://www.brasilparalelo.com.br/artigos/quem-e-olavo-de-carvalho
32,https://www.brasilparalelo.com.br/artigos/historia-do-greenpeace
33,https://www.brasilparalelo.com.br/artigos/conteudo-infantil-desenhos-da-bp-select
34,https://www.brasilparalelo.com.br/artigos/por-que-o-socialismo-nao-funciona
35,https://www.brasilparalelo.com.br/artigos/hitler-na-argentina
36,https://www.brasilparalelo.com.br/noticias/crise-russia-ucrania-holodomor
37,https://www.brasilparalelo.com.br/artigos/black-lives-matter
38,https://www.brasilparalelo.com.br/artigos/a-onda
39,https://www.brasilparalelo.com.br/artigos/banalidade-do-mal-em-hannah-arendt
40,https://www.brasilparalelo.com.br/artigos/resumo-de-12-regras-para-a-vida
41,https://www.brasilparalelo.com.br/artigos/catolicismo-no-brasil
42,https://www.brasilparalelo.com.br/artigos/opera-turandot
43,https://www.brasilparalelo.com.br/artigos/significado-de-another-brick-in-the-wall
44,https://www.brasilparalelo.com.br/artigos/o-que-e-patriarcado
45,https://www.brasilparalelo.com.br/entrevistas/quem-foi-getulio-vargas
46,https://www.brasilparalelo.com.br/artigos/o-que-e-capitalismo
47,https://www.brasilparalelo.com.br/artigos/quem-e-jair-bolsonaro
48,https://www.brasilparalelo.com.br/artigos/terceira-fase-do-modernismo
49,https://www.brasilparalelo.com.br/artigos/foro-de-sao-paulo
50,https://www.brasilparalelo.com.br/artigos/filmes-da-brasil-paralelo-grandes-historias-do-cinema
51,https://www.brasilparalelo.com.br/artigos/o-que-gilberto-freyre-defendia
52,https://www.brasilparalelo.com.br/artigos/governo-mundial
53,https://www.brasilparalelo.com.br/entrevistas/o-que-e-vitimismo
54,https://www.brasilparalelo.com.br/artigos/parlamentarismo-no-brasil
55,https://www.brasilparalelo.com.br/artigos/o-que-e-um-blockbuster
56,https://www.brasilparalelo.com.br/artigos/paralaxe-cognitiva
57,https://www.brasilparalelo.com.br/artigos/o-que-e-liberalismo
